{
    "Model": "ResNet",
    "Accuracy": 0.9810996563573883,
    "Precision": 0.9845944751677134,
    "Recall": 0.9736910994764398,
    "F1": 0.9788183680019058,
    "Confusion": [
        [
            190,
            10
        ],
        [
            1,
            381
        ]
    ],
    "Top1": 0.9810996563573883,
    "TrainLoss": [
        35.35806996189058,
        15.979641233105212,
        18.65571879595518
    ],
    "Generalization": 18.037096671760082,
    "Robustness": true,
    "FLOPs (G)": 4.131698688,
    "Inference Time (s)": 26.706955909729004
}