{
    "Model": "MobileNet",
    "Accuracy": 0.9759450171821306,
    "Precision": 0.9713274198568316,
    "Recall": 0.9757198952879581,
    "F1": 0.9734627410109432,
    "Confusion": [
        [
            195,
            5
        ],
        [
            9,
            373
        ]
    ],
    "Top1": 0.9759450171821306,
    "TrainLoss": [
        28.026775335893035,
        7.998562773573212,
        11.554414233949501
    ],
    "Generalization": 11.04738630988868,
    "Robustness": true,
    "FLOPs (G)": 0.32620928,
    "Inference Time (s)": 6.768726825714111
}