{
    "Model": "EfficientNet",
    "Accuracy": 0.9656357388316151,
    "Precision": 0.9652061855670103,
    "Recall": 0.9583376963350785,
    "F1": 0.9616322763530885,
    "Confusion": [
        [
            187,
            13
        ],
        [
            7,
            375
        ]
    ],
    "Top1": 0.9656357388316151,
    "TrainLoss": [
        24.82159022707492,
        12.802647470263764,
        7.701737433613744
    ],
    "Generalization": 7.638429276586976,
    "Robustness": true,
    "FLOPs (G)": 0.413867584,
    "Inference Time (s)": 9.072052955627441
}